Variant,Predicted Effect,Score,Expected Accuracy
M1A,effect,64,80%
M1R,effect,84,91%
M1N,effect,72,85%
M1D,effect,76,85%
M1C,effect,61,80%
M1Q,effect,75,85%
M1E,effect,77,85%
M1G,effect,78,85%
M1H,effect,79,85%
M1I,effect,63,80%
M1L,effect,66,80%
M1K,effect,81,91%
M1M,neutral,-88,93%
M1F,effect,70,85%
M1P,effect,85,91%
M1S,effect,76,85%
M1T,effect,77,85%
M1W,effect,79,85%
M1Y,effect,70,85%
M1V,effect,62,80%
D2A,effect,27,63%
D2R,effect,61,80%
D2N,effect,44,71%
D2D,neutral,-88,93%
D2C,effect,35,66%
D2Q,effect,45,71%
D2E,effect,41,71%
D2G,effect,51,75%
D2H,effect,53,75%
D2I,effect,50,75%
D2L,effect,56,75%
D2K,effect,56,75%
D2M,effect,38,66%
D2F,effect,52,75%
D2P,effect,54,75%
D2S,effect,38,66%
D2T,effect,17,59%
D2W,effect,88,91%
D2Y,effect,46,71%
D2V,effect,41,71%
V3A,effect,12,59%
V3R,effect,62,80%
V3N,effect,57,75%
V3D,effect,68,80%
V3C,effect,31,66%
V3Q,effect,58,75%
V3E,effect,66,80%
V3G,effect,59,75%
V3H,effect,56,75%
V3I,neutral,-4,53%
V3L,neutral,-10,53%
V3K,effect,66,80%
V3M,effect,10,59%
V3F,effect,34,66%
V3P,effect,62,80%
V3S,effect,48,71%
V3T,effect,37,66%
V3W,effect,54,75%
V3Y,effect,43,71%
V3V,neutral,-80,87%
F4A,effect,54,75%
F4R,effect,65,80%
F4N,effect,65,80%
F4D,effect,72,85%
F4C,effect,46,71%
F4Q,effect,57,75%
F4E,effect,65,80%
F4G,effect,61,80%
F4H,effect,63,80%
F4I,effect,51,75%
F4L,effect,29,63%
F4K,effect,63,80%
F4M,effect,38,66%
F4F,neutral,-19,57%
F4P,effect,71,85%
F4S,effect,61,80%
F4T,effect,57,75%
F4W,effect,56,75%
F4Y,effect,40,71%
F4V,effect,50,75%
M5A,effect,35,66%
M5R,effect,51,75%
M5N,effect,51,75%
M5D,effect,61,80%
M5C,effect,46,71%
M5Q,effect,50,75%
M5E,effect,57,75%
M5G,effect,61,80%
M5H,effect,58,75%
M5I,effect,40,71%
M5L,effect,35,66%
M5K,effect,23,63%
M5M,neutral,-9,53%
M5F,effect,43,71%
M5P,effect,68,80%
M5S,effect,54,75%
M5T,effect,54,75%
M5W,effect,63,80%
M5Y,effect,47,71%
M5V,effect,38,66%
K6A,effect,37,66%
K6R,effect,52,75%
K6N,effect,59,75%
K6D,effect,70,85%
K6C,effect,42,71%
K6Q,effect,50,75%
K6E,effect,66,80%
K6G,effect,59,75%
K6H,effect,47,71%
K6I,effect,48,71%
K6L,effect,51,75%
K6K,neutral,-11,57%
K6M,effect,44,71%
K6F,effect,54,75%
K6P,effect,68,80%
K6S,effect,51,75%
K6T,effect,44,71%
K6W,effect,58,75%
K6Y,effect,53,75%
K6V,effect,41,71%
G7A,effect,62,80%
G7R,effect,78,85%
G7N,effect,72,85%
G7D,effect,77,85%
G7C,effect,58,75%
G7Q,effect,74,85%
G7E,effect,77,85%
G7G,effect,17,59%
G7H,effect,74,85%
G7I,effect,64,80%
G7L,effect,69,80%
G7K,effect,75,85%
G7M,effect,69,80%
G7F,effect,73,85%
G7P,effect,79,85%
G7S,effect,65,80%
G7T,effect,66,80%
G7W,effect,76,85%
G7Y,effect,75,85%
G7V,effect,63,80%
L8A,effect,55,75%
L8R,effect,66,80%
L8N,effect,60,80%
L8D,effect,66,80%
L8C,effect,47,71%
L8Q,effect,56,75%
L8E,effect,62,80%
L8G,effect,59,75%
L8H,effect,62,80%
L8I,effect,42,71%
L8L,effect,14,59%
L8K,effect,65,80%
L8M,effect,42,71%
L8F,effect,17,59%
L8P,effect,68,80%
L8S,effect,58,75%
L8T,effect,56,75%
L8W,effect,54,75%
L8Y,effect,49,71%
L8V,effect,44,71%
S9A,effect,39,66%
S9R,effect,56,75%
S9N,effect,43,71%
S9D,effect,62,80%
S9C,effect,41,71%
S9Q,effect,51,75%
S9E,effect,60,80%
S9G,effect,62,80%
S9H,effect,52,75%
S9I,effect,46,71%
S9L,effect,52,75%
S9K,effect,55,75%
S9M,effect,45,71%
S9F,effect,45,71%
S9P,effect,69,80%
S9S,neutral,-25,61%
S9T,effect,47,71%
S9W,effect,63,80%
S9Y,effect,57,75%
S9V,effect,49,71%
K10A,effect,36,66%
K10R,effect,32,66%
K10N,effect,54,75%
K10D,effect,70,85%
K10C,effect,47,71%
K10Q,effect,43,71%
K10E,effect,61,80%
K10G,effect,50,75%
K10H,effect,42,71%
K10I,effect,31,66%
K10L,effect,26,63%
K10K,effect,10,59%
K10M,effect,19,59%
K10F,effect,48,71%
K10P,effect,63,80%
K10S,effect,47,71%
K10T,effect,40,71%
K10W,effect,60,80%
K10Y,effect,50,75%
K10V,effect,36,66%
A11A,neutral,-22,61%
A11R,effect,61,80%
A11N,effect,63,80%
A11D,effect,72,85%
A11C,effect,53,75%
A11Q,effect,54,75%
A11E,effect,70,85%
A11G,effect,64,80%
A11H,effect,64,80%
A11I,effect,49,71%
A11L,effect,61,80%
A11K,effect,64,80%
A11M,effect,33,66%
A11F,effect,63,80%
A11P,effect,72,85%
A11S,effect,54,75%
A11T,effect,58,75%
A11W,effect,66,80%
A11Y,effect,56,75%
A11V,effect,52,75%
K12A,effect,57,75%
K12R,effect,51,75%
K12N,effect,61,80%
K12D,effect,72,85%
K12C,effect,59,75%
K12Q,effect,52,75%
K12E,effect,70,85%
K12G,effect,70,85%
K12H,effect,58,75%
K12I,effect,62,80%
K12L,effect,65,80%
K12K,effect,2,53%
K12M,effect,59,75%
K12F,effect,65,80%
K12P,effect,75,85%
K12S,effect,64,80%
K12T,effect,64,80%
K12W,effect,69,80%
K12Y,effect,53,75%
K12V,effect,56,75%
E13A,effect,33,66%
E13R,effect,72,85%
E13N,effect,63,80%
E13D,effect,44,71%
E13C,effect,47,71%
E13Q,effect,53,75%
E13E,neutral,-21,61%
E13G,effect,61,80%
E13H,effect,63,80%
E13I,effect,60,80%
E13L,effect,63,80%
E13K,effect,70,85%
E13M,effect,56,75%
E13F,effect,61,80%
E13P,effect,78,85%
E13S,effect,58,75%
E13T,effect,61,80%
E13W,effect,65,80%
E13Y,effect,61,80%
E13V,effect,40,71%
G14A,effect,55,75%
G14R,effect,78,85%
G14N,effect,71,85%
G14D,effect,71,85%
G14C,effect,55,75%
G14Q,effect,71,85%
G14E,effect,70,85%
G14G,neutral,-16,57%
G14H,effect,74,85%
G14I,effect,61,80%
G14L,effect,69,80%
G14K,effect,79,85%
G14M,effect,68,80%
G14F,effect,65,80%
G14P,effect,78,85%
G14S,effect,63,80%
G14T,effect,68,80%
G14W,effect,77,85%
G14Y,effect,73,85%
G14V,effect,64,80%
V15A,effect,46,71%
V15R,effect,74,85%
V15N,effect,67,80%
V15D,effect,72,85%
V15C,effect,57,75%
V15Q,effect,61,80%
V15E,effect,57,75%
V15G,effect,72,85%
V15H,effect,72,85%
V15I,effect,42,71%
V15L,effect,58,75%
V15K,effect,74,85%
V15M,effect,39,66%
V15F,effect,65,80%
V15P,effect,76,85%
V15S,effect,63,80%
V15T,effect,58,75%
V15W,effect,73,85%
V15Y,effect,70,85%
V15V,neutral,-21,61%
V16A,effect,25,63%
V16R,effect,70,85%
V16N,effect,56,75%
V16D,effect,67,80%
V16C,effect,48,71%
V16Q,effect,65,80%
V16E,effect,65,80%
V16G,effect,51,75%
V16H,effect,68,80%
V16I,effect,28,63%
V16L,effect,54,75%
V16K,effect,62,80%
V16M,effect,57,75%
V16F,effect,58,75%
V16P,effect,66,80%
V16S,effect,31,66%
V16T,effect,50,75%
V16W,effect,70,85%
V16Y,effect,55,75%
V16V,neutral,-25,61%
A17A,neutral,-33,66%
A17R,effect,65,80%
A17N,effect,58,75%
A17D,effect,69,80%
A17C,effect,50,75%
A17Q,effect,62,80%
A17E,effect,70,85%
A17G,effect,34,66%
A17H,effect,65,80%
A17I,effect,37,66%
A17L,effect,58,75%
A17K,effect,67,80%
A17M,effect,45,71%
A17F,effect,65,80%
A17P,effect,72,85%
A17S,effect,39,66%
A17T,effect,46,71%
A17W,effect,68,80%
A17Y,effect,65,80%
A17V,effect,19,59%
A18A,neutral,-7,53%
A18R,effect,73,85%
A18N,effect,69,80%
A18D,effect,77,85%
A18C,effect,59,75%
A18Q,effect,70,85%
A18E,effect,76,85%
A18G,effect,57,75%
A18H,effect,73,85%
A18I,effect,64,80%
A18L,effect,64,80%
A18K,effect,66,80%
A18M,effect,65,80%
A18F,effect,71,85%
A18P,effect,77,85%
A18S,effect,58,75%
A18T,effect,55,75%
A18W,effect,73,85%
A18Y,effect,66,80%
A18V,effect,45,71%
A19A,neutral,-23,61%
A19R,effect,63,80%
A19N,effect,55,75%
A19D,effect,64,80%
A19C,effect,47,71%
A19Q,effect,54,75%
A19E,effect,69,80%
A19G,effect,50,75%
A19H,effect,62,80%
A19I,effect,46,71%
A19L,effect,37,66%
A19K,effect,60,80%
A19M,effect,51,75%
A19F,effect,59,75%
A19P,effect,69,80%
A19S,effect,52,75%
A19T,effect,56,75%
A19W,effect,64,80%
A19Y,effect,62,80%
A19V,effect,31,66%
E20A,effect,32,66%
E20R,effect,56,75%
E20N,effect,50,75%
E20D,effect,55,75%
E20C,effect,36,66%
E20Q,effect,45,71%
E20E,neutral,-27,61%
E20G,effect,32,66%
E20H,effect,52,75%
E20I,effect,50,75%
E20L,effect,46,71%
E20K,effect,57,75%
E20M,effect,34,66%
E20F,effect,52,75%
E20P,effect,74,85%
E20S,effect,51,75%
E20T,effect,47,71%
E20W,effect,58,75%
E20Y,effect,51,75%
E20V,effect,39,66%
K21A,effect,38,66%
K21R,effect,54,75%
K21N,effect,64,80%
K21D,effect,72,85%
K21C,effect,46,71%
K21Q,effect,51,75%
K21E,effect,68,80%
K21G,effect,64,80%
K21H,effect,50,75%
K21I,effect,41,71%
K21L,effect,35,66%
K21K,neutral,-16,57%
K21M,effect,32,66%
K21F,effect,58,75%
K21P,effect,71,85%
K21S,effect,54,75%
K21T,effect,55,75%
K21W,effect,61,80%
K21Y,effect,57,75%
K21V,effect,41,71%
T22A,effect,53,75%
T22R,effect,66,80%
T22N,effect,69,80%
T22D,effect,75,85%
T22C,effect,57,75%
T22Q,effect,53,75%
T22E,effect,68,80%
T22G,effect,70,85%
T22H,effect,62,80%
T22I,effect,63,80%
T22L,effect,65,80%
T22K,effect,67,80%
T22M,effect,57,75%
T22F,effect,67,80%
T22P,effect,76,85%
T22S,effect,46,71%
T22T,neutral,-28,61%
T22W,effect,68,80%
T22Y,effect,65,80%
T22V,effect,58,75%
K23A,effect,51,75%
K23R,effect,62,80%
K23N,effect,69,80%
K23D,effect,71,85%
K23C,effect,55,75%
K23Q,effect,52,75%
K23E,effect,66,80%
K23G,effect,72,85%
K23H,effect,57,75%
K23I,effect,59,75%
K23L,effect,63,80%
K23K,neutral,-1,53%
K23M,effect,56,75%
K23F,effect,57,75%
K23P,effect,75,85%
K23S,effect,48,71%
K23T,effect,65,80%
K23W,effect,66,80%
K23Y,effect,61,80%
K23V,effect,57,75%
Q24A,effect,3,53%
Q24R,effect,44,71%
Q24N,effect,43,71%
Q24D,effect,45,71%
Q24C,effect,34,66%
Q24Q,neutral,-34,66%
Q24E,effect,16,59%
Q24G,effect,42,71%
Q24H,effect,40,71%
Q24I,effect,36,66%
Q24L,effect,29,63%
Q24K,effect,34,66%
Q24M,effect,29,63%
Q24F,effect,18,59%
Q24P,effect,49,71%
Q24S,effect,24,63%
Q24T,effect,37,66%
Q24W,effect,37,66%
Q24Y,effect,22,63%
Q24V,effect,26,63%
G25A,effect,51,75%
G25R,effect,67,80%
G25N,effect,58,75%
G25D,effect,72,85%
G25C,effect,50,75%
G25Q,effect,59,75%
G25E,effect,70,85%
G25G,neutral,-12,57%
G25H,effect,62,80%
G25I,effect,51,75%
G25L,effect,59,75%
G25K,effect,70,85%
G25M,effect,55,75%
G25F,effect,59,75%
G25P,effect,62,80%
G25S,effect,44,71%
G25T,effect,62,80%
G25W,effect,64,80%
G25Y,effect,37,66%
G25V,effect,53,75%
V26A,effect,46,71%
V26R,effect,68,80%
V26N,effect,62,80%
V26D,effect,73,85%
V26C,effect,57,75%
V26Q,effect,57,75%
V26E,effect,67,80%
V26G,effect,69,80%
V26H,effect,64,80%
V26I,effect,46,71%
V26L,effect,56,75%
V26K,effect,69,80%
V26M,effect,27,63%
V26F,effect,58,75%
V26P,effect,43,71%
V26S,effect,57,75%
V26T,effect,55,75%
V26W,effect,60,80%
V26Y,effect,53,75%
V26V,neutral,-41,72%
A27A,neutral,-40,66%
A27R,effect,8,53%
A27N,effect,25,63%
A27D,effect,31,66%
A27C,effect,43,71%
A27Q,effect,13,59%
A27E,effect,9,53%
A27G,effect,11,59%
A27H,effect,30,66%
A27I,effect,14,59%
A27L,effect,9,53%
A27K,effect,2,53%
A27M,effect,40,71%
A27F,effect,51,75%
A27P,effect,12,59%
A27S,effect,1,53%
A27T,neutral,-44,72%
A27W,effect,56,75%
A27Y,effect,39,66%
A27V,effect,1,53%
E28A,effect,20,63%
E28R,effect,51,75%
E28N,effect,38,66%
E28D,effect,34,66%
E28C,effect,43,71%
E28Q,effect,32,66%
E28E,neutral,-30,61%
E28G,effect,39,66%
E28H,effect,42,71%
E28I,effect,41,71%
E28L,effect,36,66%
E28K,effect,49,71%
E28M,effect,50,75%
E28F,effect,57,75%
E28P,effect,45,71%
E28S,effect,41,71%
E28T,effect,30,66%
E28W,effect,62,80%
E28Y,effect,58,75%
E28V,effect,28,63%
A29A,neutral,-25,61%
A29R,effect,68,80%
A29N,effect,69,80%
A29D,effect,72,85%
A29C,effect,55,75%
A29Q,effect,67,80%
A29E,effect,74,85%
A29G,effect,59,75%
A29H,effect,67,80%
A29I,effect,61,80%
A29L,effect,62,80%
A29K,effect,61,80%
A29M,effect,60,80%
A29F,effect,66,80%
A29P,effect,62,80%
A29S,effect,61,80%
A29T,effect,65,80%
A29W,effect,67,80%
A29Y,effect,58,75%
A29V,effect,55,75%
A30A,neutral,-22,61%
A30R,effect,67,80%
A30N,effect,60,80%
A30D,effect,70,85%
A30C,effect,54,75%
A30Q,effect,55,75%
A30E,effect,70,85%
A30G,effect,61,80%
A30H,effect,66,80%
A30I,effect,54,75%
A30L,effect,60,80%
A30K,effect,63,80%
A30M,effect,61,80%
A30F,effect,65,80%
A30P,effect,81,91%
A30S,effect,57,75%
A30T,effect,54,75%
A30W,effect,68,80%
A30Y,effect,66,80%
A30V,effect,58,75%
G31A,effect,6,53%
G31R,effect,30,66%
G31N,effect,43,71%
G31D,effect,51,75%
G31C,effect,28,63%
G31Q,effect,23,63%
G31E,effect,36,66%
G31G,effect,3,53%
G31H,effect,36,66%
G31I,effect,33,66%
G31L,effect,33,66%
G31K,effect,32,66%
G31M,effect,31,66%
G31F,effect,47,71%
G31P,effect,37,66%
G31S,effect,13,59%
G31T,effect,30,66%
G31W,effect,54,75%
G31Y,effect,51,75%
G31V,effect,28,63%
K32A,effect,31,66%
K32R,effect,17,59%
K32N,effect,54,75%
K32D,effect,65,80%
K32C,effect,36,66%
K32Q,effect,41,71%
K32E,effect,61,80%
K32G,effect,58,75%
K32H,effect,40,71%
K32I,effect,38,66%
K32L,effect,41,71%
K32K,neutral,-46,72%
K32M,effect,15,59%
K32F,effect,48,71%
K32P,effect,60,80%
K32S,effect,47,71%
K32T,effect,45,71%
K32W,effect,50,75%
K32Y,effect,46,71%
K32V,effect,31,66%
T33A,effect,31,66%
T33R,effect,66,80%
T33N,effect,64,80%
T33D,effect,73,85%
T33C,effect,56,75%
T33Q,effect,49,71%
T33E,effect,62,80%
T33G,effect,60,80%
T33H,effect,62,80%
T33I,effect,59,75%
T33L,effect,63,80%
T33K,effect,66,80%
T33M,effect,55,75%
T33F,effect,64,80%
T33P,effect,71,85%
T33S,effect,48,71%
T33T,neutral,-49,72%
T33W,effect,66,80%
T33Y,effect,62,80%
T33V,effect,49,71%
K34A,effect,49,71%
K34R,effect,52,75%
K34N,effect,59,75%
K34D,effect,68,80%
K34C,effect,54,75%
K34Q,effect,45,71%
K34E,effect,62,80%
K34G,effect,49,71%
K34H,effect,36,66%
K34I,effect,56,75%
K34L,effect,59,75%
K34K,neutral,-36,66%
K34M,effect,50,75%
K34F,effect,61,80%
K34P,effect,70,85%
K34S,effect,57,75%
K34T,effect,60,80%
K34W,effect,64,80%
K34Y,effect,59,75%
K34V,effect,56,75%
E35A,effect,25,63%
E35R,effect,65,80%
E35N,effect,54,75%
E35D,effect,38,66%
E35C,effect,33,66%
E35Q,effect,40,71%
E35E,neutral,-41,72%
E35G,effect,34,66%
E35H,effect,51,75%
E35I,effect,45,71%
E35L,effect,49,71%
E35K,effect,61,80%
E35M,effect,41,71%
E35F,effect,47,71%
E35P,effect,70,85%
E35S,effect,50,75%
E35T,effect,52,75%
E35W,effect,50,75%
E35Y,effect,47,71%
E35V,effect,35,66%
G36A,effect,42,71%
G36R,effect,70,85%
G36N,effect,58,75%
G36D,effect,68,80%
G36C,effect,48,71%
G36Q,effect,58,75%
G36E,effect,69,80%
G36G,neutral,-25,61%
G36H,effect,63,80%
G36I,effect,50,75%
G36L,effect,51,75%
G36K,effect,72,85%
G36M,effect,53,75%
G36F,effect,61,80%
G36P,effect,66,80%
G36S,effect,53,75%
G36T,effect,59,75%
G36W,effect,69,80%
G36Y,effect,66,80%
G36V,effect,54,75%
V37A,effect,53,75%
V37R,effect,74,85%
V37N,effect,68,80%
V37D,effect,75,85%
V37C,effect,62,80%
V37Q,effect,63,80%
V37E,effect,75,85%
V37G,effect,70,85%
V37H,effect,73,85%
V37I,effect,47,71%
V37L,effect,56,75%
V37K,effect,76,85%
V37M,effect,55,75%
V37F,effect,65,80%
V37P,effect,64,80%
V37S,effect,68,80%
V37T,effect,66,80%
V37W,effect,70,85%
V37Y,effect,68,80%
V37V,neutral,-20,57%
L38A,effect,53,75%
L38R,effect,65,80%
L38N,effect,66,80%
L38D,effect,68,80%
L38C,effect,48,71%
L38Q,effect,62,80%
L38E,effect,67,80%
L38G,effect,43,71%
L38H,effect,66,80%
L38I,effect,27,63%
L38L,effect,5,53%
L38K,effect,65,80%
L38M,neutral,-20,57%
L38F,effect,43,71%
L38P,effect,71,85%
L38S,effect,58,75%
L38T,effect,62,80%
L38W,effect,59,75%
L38Y,effect,58,75%
L38V,effect,30,66%
Y39A,effect,63,80%
Y39R,effect,82,91%
Y39N,effect,75,85%
Y39D,effect,81,91%
Y39C,effect,56,75%
Y39Q,effect,74,85%
Y39E,effect,80,91%
Y39G,effect,79,85%
Y39H,effect,78,85%
Y39I,effect,64,80%
Y39L,effect,65,80%
Y39K,effect,83,91%
Y39M,effect,65,80%
Y39F,effect,45,71%
Y39P,effect,84,91%
Y39S,effect,73,85%
Y39T,effect,75,85%
Y39W,effect,73,85%
Y39Y,effect,17,59%
Y39V,effect,60,80%
V40A,effect,63,80%
V40R,effect,77,85%
V40N,effect,77,85%
V40D,effect,81,91%
V40C,effect,66,80%
V40Q,effect,63,80%
V40E,effect,78,85%
V40G,effect,70,85%
V40H,effect,78,85%
V40I,effect,43,71%
V40L,effect,69,80%
V40K,effect,75,85%
V40M,effect,36,66%
V40F,effect,69,80%
V40P,effect,77,85%
V40S,effect,73,85%
V40T,effect,73,85%
V40W,effect,73,85%
V40Y,effect,77,85%
V40V,neutral,-8,53%
G41A,effect,44,71%
G41R,effect,68,80%
G41N,effect,67,80%
G41D,effect,72,85%
G41C,effect,52,75%
G41Q,effect,55,75%
G41E,effect,71,85%
G41G,neutral,-8,53%
G41H,effect,64,80%
G41I,effect,57,75%
G41L,effect,62,80%
G41K,effect,68,80%
G41M,effect,59,75%
G41F,effect,64,80%
G41P,effect,76,85%
G41S,effect,53,75%
G41T,effect,61,80%
G41W,effect,70,85%
G41Y,effect,68,80%
G41V,effect,54,75%
S42A,neutral,-4,53%
S42R,effect,29,63%
S42N,effect,4,53%
S42D,effect,47,71%
S42C,effect,23,63%
S42Q,effect,29,63%
S42E,effect,31,66%
S42G,effect,45,71%
S42H,effect,34,66%
S42I,effect,37,66%
S42L,effect,39,66%
S42K,effect,7,53%
S42M,effect,28,63%
S42F,effect,39,66%
S42P,effect,54,75%
S42S,neutral,-32,66%
S42T,neutral,-38,66%
S42W,effect,49,71%
S42Y,effect,41,71%
S42V,effect,16,59%
K43A,effect,46,71%
K43R,effect,45,71%
K43N,effect,71,85%
K43D,effect,79,85%
K43C,effect,52,75%
K43Q,effect,58,75%
K43E,effect,73,85%
K43G,effect,68,80%
K43H,effect,58,75%
K43I,effect,50,75%
K43L,effect,58,75%
K43K,neutral,-12,57%
K43M,effect,33,66%
K43F,effect,63,80%
K43P,effect,76,85%
K43S,effect,64,80%
K43T,effect,61,80%
K43W,effect,66,80%
K43Y,effect,62,80%
K43V,effect,49,71%
T44A,effect,54,75%
T44R,effect,74,85%
T44N,effect,74,85%
T44D,effect,79,85%
T44C,effect,67,80%
T44Q,effect,66,80%
T44E,effect,71,85%
T44G,effect,75,85%
T44H,effect,70,85%
T44I,effect,59,75%
T44L,effect,71,85%
T44K,effect,75,85%
T44M,effect,62,80%
T44F,effect,73,85%
T44P,effect,79,85%
T44S,effect,64,80%
T44T,neutral,-8,53%
T44W,effect,74,85%
T44Y,effect,72,85%
T44V,effect,63,80%
K45A,effect,57,75%
K45R,effect,50,75%
K45N,effect,65,80%
K45D,effect,72,85%
K45C,effect,60,80%
K45Q,effect,60,80%
K45E,effect,69,80%
K45G,effect,69,80%
K45H,effect,59,75%
K45I,effect,64,80%
K45L,effect,65,80%
K45K,effect,6,53%
K45M,effect,43,71%
K45F,effect,69,80%
K45P,effect,76,85%
K45S,effect,57,75%
K45T,effect,66,80%
K45W,effect,71,85%
K45Y,effect,67,80%
K45V,effect,57,75%
E46A,effect,12,59%
E46R,effect,56,75%
E46N,effect,43,71%
E46D,effect,5,53%
E46C,effect,25,63%
E46Q,effect,36,66%
E46E,neutral,-37,66%
E46G,effect,48,71%
E46H,effect,41,71%
E46I,effect,43,71%
E46L,effect,47,71%
E46K,effect,32,66%
E46M,effect,35,66%
E46F,effect,44,71%
E46P,effect,65,80%
E46S,effect,35,66%
E46T,effect,45,71%
E46W,effect,48,71%
E46Y,effect,43,71%
E46V,effect,41,71%
G47A,effect,32,66%
G47R,effect,16,59%
G47N,effect,25,63%
G47D,effect,43,71%
G47C,effect,36,66%
G47Q,effect,43,71%
G47E,effect,63,80%
G47G,neutral,-34,66%
G47H,effect,50,75%
G47I,effect,38,66%
G47L,effect,46,71%
G47K,effect,60,80%
G47M,effect,42,71%
G47F,effect,49,71%
G47P,effect,65,80%
G47S,effect,6,53%
G47T,effect,39,66%
G47W,effect,59,75%
G47Y,effect,54,75%
G47V,effect,43,71%
V48A,effect,59,75%
V48R,effect,75,85%
V48N,effect,69,80%
V48D,effect,76,85%
V48C,effect,61,80%
V48Q,effect,66,80%
V48E,effect,72,85%
V48G,effect,75,85%
V48H,effect,74,85%
V48I,effect,51,75%
V48L,effect,48,71%
V48K,effect,76,85%
V48M,effect,38,66%
V48F,effect,64,80%
V48P,effect,77,85%
V48S,effect,64,80%
V48T,effect,58,75%
V48W,effect,69,80%
V48Y,effect,68,80%
V48V,neutral,-27,61%
V49A,effect,36,66%
V49R,effect,55,75%
V49N,effect,55,75%
V49D,effect,69,80%
V49C,effect,48,71%
V49Q,effect,28,63%
V49E,effect,64,80%
V49G,effect,64,80%
V49H,effect,58,75%
V49I,effect,21,63%
V49L,effect,40,71%
V49K,effect,56,75%
V49M,effect,43,71%
V49F,effect,51,75%
V49P,effect,66,80%
V49S,effect,52,75%
V49T,effect,28,63%
V49W,effect,57,75%
V49Y,effect,42,71%
V49V,neutral,-39,66%
H50A,effect,8,53%
H50R,effect,41,71%
H50N,effect,27,63%
H50D,effect,39,66%
H50C,effect,35,66%
H50Q,neutral,-1,53%
H50E,effect,27,63%
H50G,effect,31,66%
H50H,neutral,-11,57%
H50I,effect,19,59%
H50L,effect,16,59%
H50K,effect,39,66%
H50M,neutral,-2,53%
H50F,effect,27,63%
H50P,effect,54,75%
H50S,effect,1,53%
H50T,effect,2,53%
H50W,effect,46,71%
H50Y,effect,27,63%
H50V,effect,6,53%
G51A,effect,30,66%
G51R,effect,57,75%
G51N,effect,40,71%
G51D,effect,46,71%
G51C,effect,46,71%
G51Q,effect,43,71%
G51E,effect,58,75%
G51G,neutral,-2,53%
G51H,effect,45,71%
G51I,effect,55,75%
G51L,effect,50,75%
G51K,effect,55,75%
G51M,effect,54,75%
G51F,effect,53,75%
G51P,effect,59,75%
G51S,neutral,-11,57%
G51T,effect,42,71%
G51W,effect,65,80%
G51Y,effect,50,75%
G51V,effect,42,71%
V52A,effect,49,71%
V52R,effect,65,80%
V52N,effect,61,80%
V52D,effect,64,80%
V52C,effect,51,75%
V52Q,effect,58,75%
V52E,effect,64,80%
V52G,effect,60,80%
V52H,effect,63,80%
V52I,effect,42,71%
V52L,effect,57,75%
V52K,effect,68,80%
V52M,effect,49,71%
V52F,effect,41,71%
V52P,effect,63,80%
V52S,effect,41,71%
V52T,effect,53,75%
V52W,effect,61,80%
V52Y,effect,58,75%
V52V,neutral,-21,61%
A53A,effect,6,53%
A53R,effect,72,85%
A53N,effect,32,66%
A53D,effect,74,85%
A53C,effect,57,75%
A53Q,effect,69,80%
A53E,effect,76,85%
A53G,effect,60,80%
A53H,effect,72,85%
A53I,effect,64,80%
A53L,effect,68,80%
A53K,effect,57,75%
A53M,effect,64,80%
A53F,effect,69,80%
A53P,effect,62,80%
A53S,effect,27,63%
A53T,effect,3,53%
A53W,effect,72,85%
A53Y,effect,70,85%
A53V,effect,44,71%
T54A,effect,34,66%
T54R,effect,69,80%
T54N,effect,63,80%
T54D,effect,72,85%
T54C,effect,47,71%
T54Q,effect,57,75%
T54E,effect,67,80%
T54G,effect,53,75%
T54H,effect,58,75%
T54I,effect,47,71%
T54L,effect,54,75%
T54K,effect,64,80%
T54M,effect,47,71%
T54F,effect,58,75%
T54P,effect,70,85%
T54S,effect,25,63%
T54T,neutral,-35,66%
T54W,effect,60,80%
T54Y,effect,57,75%
T54V,effect,25,63%
V55A,effect,60,80%
V55R,effect,82,91%
V55N,effect,80,91%
V55D,effect,83,91%
V55C,effect,70,85%
V55Q,effect,79,85%
V55E,effect,81,91%
V55G,effect,78,85%
V55H,effect,81,91%
V55I,effect,52,75%
V55L,effect,75,85%
V55K,effect,83,91%
V55M,effect,71,85%
V55F,effect,73,85%
V55P,effect,82,91%
V55S,effect,77,85%
V55T,effect,72,85%
V55W,effect,79,85%
V55Y,effect,77,85%
V55V,neutral,-14,57%
A56A,neutral,-34,66%
A56R,effect,51,75%
A56N,effect,47,71%
A56D,effect,58,75%
A56C,effect,47,71%
A56Q,effect,47,71%
A56E,effect,60,80%
A56G,effect,51,75%
A56H,effect,51,75%
A56I,effect,51,75%
A56L,effect,55,75%
A56K,effect,55,75%
A56M,effect,51,75%
A56F,effect,58,75%
A56P,effect,65,80%
A56S,effect,45,71%
A56T,effect,39,66%
A56W,effect,60,80%
A56Y,effect,57,75%
A56V,effect,30,66%
E57A,effect,21,63%
E57R,effect,52,75%
E57N,effect,39,66%
E57D,effect,36,66%
E57C,effect,35,66%
E57Q,effect,16,59%
E57E,neutral,-29,61%
E57G,effect,45,71%
E57H,effect,30,66%
E57I,effect,49,71%
E57L,effect,52,75%
E57K,effect,43,71%
E57M,effect,43,71%
E57F,effect,51,75%
E57P,effect,74,85%
E57S,effect,41,71%
E57T,effect,33,66%
E57W,effect,57,75%
E57Y,effect,48,71%
E57V,effect,39,66%
K58A,effect,39,66%
K58R,effect,29,63%
K58N,effect,57,75%
K58D,effect,70,85%
K58C,effect,41,71%
K58Q,effect,43,71%
K58E,effect,67,80%
K58G,effect,59,75%
K58H,effect,45,71%
K58I,effect,45,71%
K58L,effect,48,71%
K58K,neutral,-33,66%
K58M,effect,32,66%
K58F,effect,54,75%
K58P,effect,64,80%
K58S,effect,42,71%
K58T,effect,49,71%
K58W,effect,57,75%
K58Y,effect,52,75%
K58V,effect,41,71%
T59A,effect,59,75%
T59R,effect,67,80%
T59N,effect,68,80%
T59D,effect,75,85%
T59C,effect,62,80%
T59Q,effect,58,75%
T59E,effect,70,85%
T59G,effect,67,80%
T59H,effect,65,80%
T59I,effect,65,80%
T59L,effect,67,80%
T59K,effect,59,75%
T59M,effect,54,75%
T59F,effect,69,80%
T59P,effect,72,85%
T59S,effect,42,71%
T59T,neutral,-27,61%
T59W,effect,70,85%
T59Y,effect,68,80%
T59V,effect,57,75%
K60A,effect,52,75%
K60R,effect,52,75%
K60N,effect,56,75%
K60D,effect,72,85%
K60C,effect,61,80%
K60Q,effect,57,75%
K60E,effect,62,80%
K60G,effect,70,85%
K60H,effect,42,71%
K60I,effect,61,80%
K60L,effect,57,75%
K60K,effect,8,53%
K60M,effect,58,75%
K60F,effect,66,80%
K60P,effect,70,85%
K60S,effect,57,75%
K60T,effect,57,75%
K60W,effect,69,80%
K60Y,effect,64,80%
K60V,effect,50,75%
E61A,effect,26,63%
E61R,effect,61,80%
E61N,effect,49,71%
E61D,effect,29,63%
E61C,effect,34,66%
E61Q,effect,30,66%
E61E,neutral,-30,61%
E61G,effect,42,71%
E61H,effect,33,66%
E61I,effect,47,71%
E61L,effect,49,71%
E61K,effect,56,75%
E61M,effect,24,63%
E61F,effect,47,71%
E61P,effect,69,80%
E61S,effect,28,63%
E61T,effect,52,75%
E61W,effect,51,75%
E61Y,effect,46,71%
E61V,effect,44,71%
Q62A,effect,6,53%
Q62R,effect,40,71%
Q62N,effect,37,66%
Q62D,effect,36,66%
Q62C,effect,28,63%
Q62Q,neutral,-43,72%
Q62E,effect,34,66%
Q62G,effect,25,63%
Q62H,effect,38,66%
Q62I,effect,20,63%
Q62L,effect,36,66%
Q62K,effect,39,66%
Q62M,effect,18,59%
Q62F,effect,35,66%
Q62P,effect,46,71%
Q62S,effect,16,59%
Q62T,effect,19,59%
Q62W,effect,37,66%
Q62Y,effect,31,66%
Q62V,effect,12,59%
V63A,effect,12,59%
V63R,effect,62,80%
V63N,effect,59,75%
V63D,effect,69,80%
V63C,effect,48,71%
V63Q,effect,52,75%
V63E,effect,64,80%
V63G,effect,58,75%
V63H,effect,56,75%
V63I,effect,24,63%
V63L,effect,41,71%
V63K,effect,63,80%
V63M,effect,29,63%
V63F,effect,53,75%
V63P,effect,66,80%
V63S,effect,49,71%
V63T,effect,32,66%
V63W,effect,58,75%
V63Y,effect,56,75%
V63V,neutral,-5,53%
T64A,effect,14,59%
T64R,effect,46,71%
T64N,neutral,-28,61%
T64D,effect,45,71%
T64C,effect,27,63%
T64Q,neutral,-11,57%
T64E,effect,38,66%
T64G,effect,39,66%
T64H,effect,28,63%
T64I,effect,26,63%
T64L,effect,32,66%
T64K,effect,36,66%
T64M,effect,20,63%
T64F,effect,39,66%
T64P,effect,54,75%
T64S,neutral,-37,66%
T64T,neutral,-28,61%
T64W,effect,41,71%
T64Y,effect,27,63%
T64V,effect,23,63%
N65A,effect,3,53%
N65R,effect,20,63%
N65N,effect,1,53%
N65D,effect,45,71%
N65C,effect,22,63%
N65Q,effect,14,59%
N65E,effect,36,66%
N65G,effect,23,63%
N65H,effect,12,59%
N65I,effect,5,53%
N65L,neutral,0,53%
N65K,effect,32,66%
N65M,effect,10,59%
N65F,effect,18,59%
N65P,effect,40,71%
N65S,neutral,-5,53%
N65T,neutral,-2,53%
N65W,effect,35,66%
N65Y,effect,11,59%
N65V,effect,2,53%
V66A,effect,49,71%
V66R,effect,74,85%
V66N,effect,70,85%
V66D,effect,75,85%
V66C,effect,59,75%
V66Q,effect,70,85%
V66E,effect,69,80%
V66G,effect,70,85%
V66H,effect,73,85%
V66I,effect,42,71%
V66L,effect,46,71%
V66K,effect,71,85%
V66M,effect,59,75%
V66F,effect,65,80%
V66P,effect,70,85%
V66S,effect,64,80%
V66T,effect,64,80%
V66W,effect,71,85%
V66Y,effect,70,85%
V66V,neutral,-22,61%
G67A,effect,25,63%
G67R,effect,65,80%
G67N,effect,53,75%
G67D,effect,61,80%
G67C,effect,46,71%
G67Q,effect,47,71%
G67E,effect,57,75%
G67G,neutral,-20,57%
G67H,effect,62,80%
G67I,effect,61,80%
G67L,effect,64,80%
G67K,effect,58,75%
G67M,effect,60,80%
G67F,effect,64,80%
G67P,effect,71,85%
G67S,effect,24,63%
G67T,effect,51,75%
G67W,effect,69,80%
G67Y,effect,67,80%
G67V,effect,58,75%
G68A,effect,20,63%
G68R,effect,48,71%
G68N,effect,18,59%
G68D,effect,22,63%
G68C,effect,37,66%
G68Q,effect,28,63%
G68E,effect,8,53%
G68G,neutral,-31,66%
G68H,effect,38,66%
G68I,effect,44,71%
G68L,effect,53,75%
G68K,effect,40,71%
G68M,effect,49,71%
G68F,effect,55,75%
G68P,effect,52,75%
G68S,effect,19,59%
G68T,effect,26,63%
G68W,effect,64,80%
G68Y,effect,59,75%
G68V,effect,43,71%
A69A,neutral,-35,66%
A69R,effect,61,80%
A69N,effect,60,80%
A69D,effect,69,80%
A69C,effect,43,71%
A69Q,effect,56,75%
A69E,effect,70,85%
A69G,effect,48,71%
A69H,effect,63,80%
A69I,effect,41,71%
A69L,effect,54,75%
A69K,effect,47,71%
A69M,effect,36,66%
A69F,effect,59,75%
A69P,effect,68,80%
A69S,effect,41,71%
A69T,neutral,-1,53%
A69W,effect,63,80%
A69Y,effect,60,80%
A69V,effect,38,66%
V70A,effect,52,75%
V70R,effect,78,85%
V70N,effect,77,85%
V70D,effect,81,91%
V70C,effect,64,80%
V70Q,effect,69,80%
V70E,effect,77,85%
V70G,effect,78,85%
V70H,effect,77,85%
V70I,effect,50,75%
V70L,effect,56,75%
V70K,effect,74,85%
V70M,effect,37,66%
V70F,effect,63,80%
V70P,effect,81,91%
V70S,effect,71,85%
V70T,effect,60,80%
V70W,effect,75,85%
V70Y,effect,68,80%
V70V,neutral,-9,53%
V71A,effect,61,80%
V71R,effect,71,85%
V71N,effect,70,85%
V71D,effect,73,85%
V71C,effect,60,80%
V71Q,effect,71,85%
V71E,effect,72,85%
V71G,effect,68,80%
V71H,effect,74,85%
V71I,effect,45,71%
V71L,effect,57,75%
V71K,effect,57,75%
V71M,effect,46,71%
V71F,effect,63,80%
V71P,effect,78,85%
V71S,effect,62,80%
V71T,effect,62,80%
V71W,effect,71,85%
V71Y,effect,70,85%
V71V,neutral,-22,61%
T72A,neutral,-15,57%
T72R,effect,50,75%
T72N,effect,5,53%
T72D,effect,40,71%
T72C,effect,26,63%
T72Q,effect,31,66%
T72E,effect,46,71%
T72G,effect,12,59%
T72H,effect,35,66%
T72I,effect,38,66%
T72L,effect,41,71%
T72K,effect,34,66%
T72M,effect,28,63%
T72F,effect,42,71%
T72P,effect,42,71%
T72S,neutral,-44,72%
T72T,neutral,-52,78%
T72W,effect,43,71%
T72Y,effect,40,71%
T72V,effect,34,66%
G73A,effect,37,66%
G73R,effect,71,85%
G73N,effect,66,80%
G73D,effect,69,80%
G73C,effect,48,71%
G73Q,effect,61,80%
G73E,effect,68,80%
G73G,neutral,-4,53%
G73H,effect,67,80%
G73I,effect,55,75%
G73L,effect,62,80%
G73K,effect,65,80%
G73M,effect,58,75%
G73F,effect,62,80%
G73P,effect,74,85%
G73S,effect,24,63%
G73T,effect,60,80%
G73W,effect,70,85%
G73Y,effect,67,80%
G73V,effect,55,75%
V74A,effect,36,66%
V74R,effect,67,80%
V74N,effect,69,80%
V74D,effect,71,85%
V74C,effect,56,75%
V74Q,effect,61,80%
V74E,effect,71,85%
V74G,effect,66,80%
V74H,effect,68,80%
V74I,effect,37,66%
V74L,effect,66,80%
V74K,effect,71,85%
V74M,effect,56,75%
V74F,effect,61,80%
V74P,effect,73,85%
V74S,effect,63,80%
V74T,effect,59,75%
V74W,effect,68,80%
V74Y,effect,66,80%
V74V,neutral,-19,57%
T75A,effect,37,66%
T75R,effect,67,80%
T75N,effect,9,53%
T75D,effect,63,80%
T75C,effect,55,75%
T75Q,effect,52,75%
T75E,effect,47,71%
T75G,effect,38,66%
T75H,effect,57,75%
T75I,effect,62,80%
T75L,effect,67,80%
T75K,effect,51,75%
T75M,effect,58,75%
T75F,effect,65,80%
T75P,effect,75,85%
T75S,effect,28,63%
T75T,neutral,-10,53%
T75W,effect,66,80%
T75Y,effect,55,75%
T75V,effect,56,75%
A76A,neutral,0,53%
A76R,effect,49,71%
A76N,effect,47,71%
A76D,effect,61,80%
A76C,effect,47,71%
A76Q,effect,46,71%
A76E,effect,54,75%
A76G,effect,44,71%
A76H,effect,61,80%
A76I,effect,39,66%
A76L,effect,33,66%
A76K,effect,41,71%
A76M,effect,42,71%
A76F,effect,49,71%
A76P,effect,60,80%
A76S,effect,29,63%
A76T,effect,10,59%
A76W,effect,61,80%
A76Y,effect,59,75%
A76V,effect,21,63%
V77A,effect,57,75%
V77R,effect,76,85%
V77N,effect,75,85%
V77D,effect,75,85%
V77C,effect,65,80%
V77Q,effect,74,85%
V77E,effect,77,85%
V77G,effect,73,85%
V77H,effect,75,85%
V77I,effect,62,80%
V77L,effect,62,80%
V77K,effect,75,85%
V77M,effect,67,80%
V77F,effect,70,85%
V77P,effect,76,85%
V77S,effect,68,80%
V77T,effect,68,80%
V77W,effect,76,85%
V77Y,effect,75,85%
V77V,neutral,-10,53%
A78A,neutral,-36,66%
A78R,effect,58,75%
A78N,effect,51,75%
A78D,effect,64,80%
A78C,effect,44,71%
A78Q,effect,49,71%
A78E,effect,61,80%
A78G,effect,33,66%
A78H,effect,51,75%
A78I,effect,40,71%
A78L,effect,56,75%
A78K,effect,27,63%
A78M,effect,49,71%
A78F,effect,56,75%
A78P,effect,67,80%
A78S,effect,18,59%
A78T,effect,41,71%
A78W,effect,59,75%
A78Y,effect,57,75%
A78V,effect,46,71%
Q79A,neutral,-8,53%
Q79R,effect,22,63%
Q79N,effect,9,53%
Q79D,effect,17,59%
Q79C,effect,24,63%
Q79Q,neutral,-44,72%
Q79E,neutral,-10,53%
Q79G,effect,30,66%
Q79H,effect,8,53%
Q79I,effect,14,59%
Q79L,effect,16,59%
Q79K,neutral,-16,57%
Q79M,effect,7,53%
Q79F,effect,34,66%
Q79P,effect,43,71%
Q79S,neutral,-4,53%
Q79T,effect,8,53%
Q79W,effect,37,66%
Q79Y,effect,27,63%
Q79V,effect,12,59%
K80A,effect,34,66%
K80R,effect,36,66%
K80N,effect,49,71%
K80D,effect,70,85%
K80C,effect,44,71%
K80Q,effect,36,66%
K80E,effect,55,75%
K80G,effect,57,75%
K80H,effect,48,71%
K80I,effect,48,71%
K80L,effect,39,66%
K80K,neutral,-23,61%
K80M,effect,43,71%
K80F,effect,55,75%
K80P,effect,67,80%
K80S,effect,41,71%
K80T,effect,34,66%
K80W,effect,58,75%
K80Y,effect,54,75%
K80V,effect,47,71%
T81A,effect,50,75%
T81R,effect,75,85%
T81N,effect,71,85%
T81D,effect,77,85%
T81C,effect,66,80%
T81Q,effect,68,80%
T81E,effect,73,85%
T81G,effect,64,80%
T81H,effect,70,85%
T81I,effect,68,80%
T81L,effect,71,85%
T81K,effect,73,85%
T81M,effect,67,80%
T81F,effect,73,85%
T81P,effect,78,85%
T81S,effect,58,75%
T81T,neutral,-16,57%
T81W,effect,73,85%
T81Y,effect,72,85%
T81V,effect,62,80%
V82A,effect,59,75%
V82R,effect,75,85%
V82N,effect,71,85%
V82D,effect,75,85%
V82C,effect,61,80%
V82Q,effect,69,80%
V82E,effect,67,80%
V82G,effect,66,80%
V82H,effect,73,85%
V82I,effect,52,75%
V82L,effect,62,80%
V82K,effect,74,85%
V82M,effect,61,80%
V82F,effect,63,80%
V82P,effect,75,85%
V82S,effect,63,80%
V82T,effect,57,75%
V82W,effect,71,85%
V82Y,effect,69,80%
V82V,neutral,-17,57%
E83A,effect,40,71%
E83R,effect,71,85%
E83N,effect,60,80%
E83D,effect,52,75%
E83C,effect,39,66%
E83Q,effect,38,66%
E83E,neutral,-20,57%
E83G,effect,36,66%
E83H,effect,56,75%
E83I,effect,52,75%
E83L,effect,57,75%
E83K,effect,70,85%
E83M,effect,49,71%
E83F,effect,56,75%
E83P,effect,77,85%
E83S,effect,56,75%
E83T,effect,58,75%
E83W,effect,61,80%
E83Y,effect,56,75%
E83V,effect,45,71%
G84A,effect,27,63%
G84R,effect,68,80%
G84N,effect,65,80%
G84D,effect,72,85%
G84C,effect,47,71%
G84Q,effect,57,75%
G84E,effect,57,75%
G84G,neutral,-13,57%
G84H,effect,64,80%
G84I,effect,57,75%
G84L,effect,60,80%
G84K,effect,60,80%
G84M,effect,55,75%
G84F,effect,59,75%
G84P,effect,68,80%
G84S,effect,36,66%
G84T,effect,57,75%
G84W,effect,66,80%
G84Y,effect,63,80%
G84V,effect,54,75%
A85A,neutral,-20,57%
A85R,effect,54,75%
A85N,effect,52,75%
A85D,effect,61,80%
A85C,effect,40,71%
A85Q,effect,49,71%
A85E,effect,62,80%
A85G,effect,42,71%
A85H,effect,55,75%
A85I,effect,28,63%
A85L,effect,32,66%
A85K,effect,46,71%
A85M,effect,21,63%
A85F,effect,54,75%
A85P,effect,53,75%
A85S,effect,40,71%
A85T,effect,34,66%
A85W,effect,60,80%
A85Y,effect,57,75%
A85V,effect,13,59%
G86A,effect,33,66%
G86R,effect,58,75%
G86N,effect,29,63%
G86D,effect,53,75%
G86C,effect,49,71%
G86Q,effect,37,66%
G86E,effect,11,59%
G86G,effect,10,59%
G86H,effect,48,71%
G86I,effect,60,80%
G86L,effect,52,75%
G86K,effect,57,75%
G86M,effect,60,80%
G86F,effect,62,80%
G86P,effect,58,75%
G86S,effect,37,66%
G86T,effect,48,71%
G86W,effect,69,80%
G86Y,effect,55,75%
G86V,effect,46,71%
S87A,effect,30,66%
S87R,effect,43,71%
S87N,neutral,-1,53%
S87D,effect,54,75%
S87C,effect,23,63%
S87Q,effect,28,63%
S87E,effect,32,66%
S87G,effect,48,71%
S87H,effect,32,66%
S87I,effect,18,59%
S87L,effect,37,66%
S87K,effect,41,71%
S87M,effect,30,66%
S87F,effect,38,66%
S87P,effect,61,80%
S87S,neutral,-20,57%
S87T,neutral,0,53%
S87W,effect,48,71%
S87Y,effect,40,71%
S87V,effect,31,66%
I88A,effect,51,75%
I88R,effect,79,85%
I88N,effect,77,85%
I88D,effect,81,91%
I88C,effect,58,75%
I88Q,effect,73,85%
I88E,effect,78,85%
I88G,effect,77,85%
I88H,effect,77,85%
I88I,neutral,-36,66%
I88L,effect,42,71%
I88K,effect,80,91%
I88M,effect,25,63%
I88F,effect,48,71%
I88P,effect,81,91%
I88S,effect,70,85%
I88T,effect,71,85%
I88W,effect,71,85%
I88Y,effect,65,80%
I88V,effect,16,59%
A89A,neutral,-23,61%
A89R,effect,68,80%
A89N,effect,67,80%
A89D,effect,74,85%
A89C,effect,54,75%
A89Q,effect,64,80%
A89E,effect,73,85%
A89G,effect,64,80%
A89H,effect,68,80%
A89I,effect,59,75%
A89L,effect,64,80%
A89K,effect,66,80%
A89M,effect,59,75%
A89F,effect,66,80%
A89P,effect,64,80%
A89S,effect,56,75%
A89T,effect,59,75%
A89W,effect,69,80%
A89Y,effect,67,80%
A89V,effect,22,63%
A90A,neutral,-24,61%
A90R,effect,66,80%
A90N,effect,64,80%
A90D,effect,74,85%
A90C,effect,45,71%
A90Q,effect,63,80%
A90E,effect,68,80%
A90G,effect,53,75%
A90H,effect,64,80%
A90I,effect,50,75%
A90L,effect,57,75%
A90K,effect,65,80%
A90M,effect,54,75%
A90F,effect,61,80%
A90P,effect,72,85%
A90S,effect,38,66%
A90T,effect,55,75%
A90W,effect,64,80%
A90Y,effect,61,80%
A90V,effect,23,63%
A91A,neutral,-24,61%
A91R,effect,71,85%
A91N,effect,56,75%
A91D,effect,77,85%
A91C,effect,53,75%
A91Q,effect,66,80%
A91E,effect,75,85%
A91G,effect,66,80%
A91H,effect,71,85%
A91I,effect,64,80%
A91L,effect,67,80%
A91K,effect,72,85%
A91M,effect,63,80%
A91F,effect,71,85%
A91P,effect,79,85%
A91S,effect,34,66%
A91T,effect,8,53%
A91W,effect,73,85%
A91Y,effect,70,85%
A91V,effect,62,80%
T92A,effect,45,71%
T92R,effect,81,91%
T92N,effect,73,85%
T92D,effect,81,91%
T92C,effect,67,80%
T92Q,effect,73,85%
T92E,effect,78,85%
T92G,effect,69,80%
T92H,effect,74,85%
T92I,effect,75,85%
T92L,effect,79,85%
T92K,effect,79,85%
T92M,effect,73,85%
T92F,effect,78,85%
T92P,effect,83,91%
T92S,effect,27,63%
T92T,neutral,-35,66%
T92W,effect,79,85%
T92Y,effect,77,85%
T92V,effect,73,85%
G93A,effect,68,80%
G93R,effect,83,91%
G93N,effect,77,85%
G93D,effect,76,85%
G93C,effect,68,80%
G93Q,effect,78,85%
G93E,effect,82,91%
G93G,neutral,-3,53%
G93H,effect,80,91%
G93I,effect,76,85%
G93L,effect,73,85%
G93K,effect,84,91%
G93M,effect,75,85%
G93F,effect,78,85%
G93P,effect,85,91%
G93S,effect,70,85%
G93T,effect,76,85%
G93W,effect,82,91%
G93Y,effect,82,91%
G93V,effect,76,85%
F94A,effect,58,75%
F94R,effect,67,80%
F94N,effect,64,80%
F94D,effect,70,85%
F94C,effect,47,71%
F94Q,effect,59,75%
F94E,effect,67,80%
F94G,effect,67,80%
F94H,effect,64,80%
F94I,effect,33,66%
F94L,effect,18,59%
F94K,effect,69,80%
F94M,effect,29,63%
F94F,effect,15,59%
F94P,effect,68,80%
F94S,effect,59,75%
F94T,effect,55,75%
F94W,effect,57,75%
F94Y,effect,53,75%
F94V,effect,27,63%
V95A,effect,55,75%
V95R,effect,63,80%
V95N,effect,58,75%
V95D,effect,69,80%
V95C,effect,49,71%
V95Q,effect,58,75%
V95E,effect,66,80%
V95G,effect,54,75%
V95H,effect,52,75%
V95I,effect,17,59%
V95L,effect,32,66%
V95K,effect,60,80%
V95M,effect,43,71%
V95F,effect,40,71%
V95P,effect,64,80%
V95S,effect,58,75%
V95T,effect,57,75%
V95W,effect,56,75%
V95Y,effect,43,71%
V95V,neutral,-50,72%
K96A,effect,43,71%
K96R,effect,35,66%
K96N,effect,56,75%
K96D,effect,73,85%
K96C,effect,52,75%
K96Q,effect,56,75%
K96E,effect,61,80%
K96G,effect,64,80%
K96H,effect,54,75%
K96I,effect,56,75%
K96L,effect,57,75%
K96K,neutral,-26,61%
K96M,effect,50,75%
K96F,effect,61,80%
K96P,effect,73,85%
K96S,effect,56,75%
K96T,effect,67,80%
K96W,effect,65,80%
K96Y,effect,60,80%
K96V,effect,54,75%
K97A,effect,46,71%
K97R,effect,30,66%
K97N,effect,61,80%
K97D,effect,64,80%
K97C,effect,45,71%
K97Q,effect,34,66%
K97E,effect,64,80%
K97G,effect,65,80%
K97H,effect,47,71%
K97I,effect,46,71%
K97L,effect,35,66%
K97K,neutral,-38,66%
K97M,effect,29,63%
K97F,effect,55,75%
K97P,effect,56,75%
K97S,effect,57,75%
K97T,effect,55,75%
K97W,effect,58,75%
K97Y,effect,54,75%
K97V,effect,44,71%
D98A,effect,49,71%
D98R,effect,61,80%
D98N,effect,54,75%
D98D,neutral,-27,61%
D98C,effect,49,71%
D98Q,effect,35,66%
D98E,neutral,0,53%
D98G,effect,39,66%
D98H,effect,56,75%
D98I,effect,56,75%
D98L,effect,58,75%
D98K,effect,62,80%
D98M,effect,53,75%
D98F,effect,44,71%
D98P,effect,67,80%
D98S,effect,49,71%
D98T,effect,49,71%
D98W,effect,59,75%
D98Y,effect,55,75%
D98V,effect,55,75%
Q99A,effect,29,63%
Q99R,effect,40,71%
Q99N,effect,56,75%
Q99D,effect,36,66%
Q99C,effect,41,71%
Q99Q,neutral,-22,61%
Q99E,effect,18,59%
Q99G,effect,61,80%
Q99H,effect,48,71%
Q99I,effect,41,71%
Q99L,effect,38,66%
Q99K,effect,41,71%
Q99M,effect,33,66%
Q99F,effect,45,71%
Q99P,effect,20,63%
Q99S,effect,37,66%
Q99T,effect,50,75%
Q99W,effect,46,71%
Q99Y,effect,43,71%
Q99V,effect,43,71%
L100A,effect,29,63%
L100R,effect,54,75%
L100N,effect,50,75%
L100D,effect,62,80%
L100C,effect,46,71%
L100Q,effect,36,66%
L100E,effect,52,75%
L100G,effect,49,71%
L100H,effect,39,66%
L100I,effect,29,63%
L100L,neutral,-19,57%
L100K,effect,54,75%
L100M,effect,18,59%
L100F,effect,10,59%
L100P,effect,52,75%
L100S,effect,43,71%
L100T,effect,41,71%
L100W,effect,45,71%
L100Y,effect,9,53%
L100V,effect,31,66%
G101A,effect,9,53%
G101R,effect,13,59%
G101N,effect,12,59%
G101D,effect,30,66%
G101C,effect,33,66%
G101Q,neutral,-12,57%
G101E,neutral,-9,53%
G101G,neutral,-20,57%
G101H,effect,7,53%
G101I,effect,26,63%
G101L,effect,26,63%
G101K,neutral,-27,61%
G101M,effect,8,53%
G101F,effect,42,71%
G101P,effect,12,59%
G101S,neutral,-10,53%
G101T,neutral,-14,57%
G101W,effect,47,71%
G101Y,effect,44,71%
G101V,effect,21,63%
K102A,effect,17,59%
K102R,effect,10,59%
K102N,effect,16,59%
K102D,effect,49,71%
K102C,effect,29,63%
K102Q,effect,4,53%
K102E,effect,32,66%
K102G,effect,47,71%
K102H,effect,24,63%
K102I,effect,23,63%
K102L,effect,24,63%
K102K,neutral,-32,66%
K102M,effect,9,53%
K102F,effect,38,66%
K102P,effect,44,71%
K102S,effect,24,63%
K102T,effect,26,63%
K102W,effect,47,71%
K102Y,effect,35,66%
K102V,effect,16,59%
N103A,effect,2,53%
N103R,effect,19,59%
N103N,neutral,-47,72%
N103D,effect,27,63%
N103C,effect,37,66%
N103Q,neutral,-7,53%
N103E,effect,7,53%
N103G,effect,14,59%
N103H,effect,14,59%
N103I,effect,16,59%
N103L,effect,24,63%
N103K,effect,6,53%
N103M,neutral,-3,53%
N103F,effect,45,71%
N103P,neutral,-2,53%
N103S,neutral,-12,57%
N103T,neutral,-25,61%
N103W,effect,49,71%
N103Y,effect,29,63%
N103V,effect,13,59%
E104A,neutral,-4,53%
E104R,effect,28,63%
E104N,effect,16,59%
E104D,effect,28,63%
E104C,effect,15,59%
E104Q,neutral,-21,61%
E104E,neutral,-37,66%
E104G,effect,23,63%
E104H,effect,21,63%
E104I,effect,20,63%
E104L,effect,23,63%
E104K,effect,7,53%
E104M,effect,17,59%
E104F,effect,45,71%
E104P,effect,39,66%
E104S,effect,19,59%
E104T,effect,11,59%
E104W,effect,48,71%
E104Y,effect,43,71%
E104V,neutral,-3,53%
E105A,effect,30,66%
E105R,effect,44,71%
E105N,effect,50,75%
E105D,effect,30,66%
E105C,effect,44,71%
E105Q,effect,14,59%
E105E,neutral,-42,72%
E105G,effect,55,75%
E105H,effect,56,75%
E105I,effect,42,71%
E105L,effect,54,75%
E105K,effect,52,75%
E105M,effect,49,71%
E105F,effect,54,75%
E105P,effect,52,75%
E105S,effect,49,71%
E105T,effect,48,71%
E105W,effect,58,75%
E105Y,effect,55,75%
E105V,effect,49,71%
G106A,effect,16,59%
G106R,effect,41,71%
G106N,effect,36,66%
G106D,effect,50,75%
G106C,effect,45,71%
G106Q,effect,21,63%
G106E,effect,18,59%
G106G,neutral,-2,53%
G106H,effect,38,66%
G106I,effect,42,71%
G106L,effect,43,71%
G106K,effect,35,66%
G106M,effect,35,66%
G106F,effect,46,71%
G106P,effect,42,71%
G106S,effect,13,59%
G106T,effect,27,63%
G106W,effect,57,75%
G106Y,effect,48,71%
G106V,effect,34,66%
A107A,neutral,-15,57%
A107R,effect,33,66%
A107N,effect,31,66%
A107D,effect,42,71%
A107C,effect,1,53%
A107Q,effect,28,63%
A107E,effect,46,71%
A107G,effect,23,63%
A107H,effect,13,59%
A107I,neutral,-16,57%
A107L,neutral,-13,57%
A107K,effect,25,63%
A107M,neutral,-16,57%
A107F,neutral,-15,57%
A107P,effect,42,71%
A107S,effect,21,63%
A107T,effect,16,59%
A107W,effect,25,63%
A107Y,neutral,-19,57%
A107V,neutral,-11,57%
P108A,neutral,0,53%
P108R,effect,36,66%
P108N,effect,1,53%
P108D,effect,42,71%
P108C,effect,35,66%
P108Q,neutral,-2,53%
P108E,effect,19,59%
P108G,effect,28,63%
P108H,effect,39,66%
P108I,effect,34,66%
P108L,effect,26,63%
P108K,effect,18,59%
P108M,effect,28,63%
P108F,effect,43,71%
P108P,effect,2,53%
P108S,effect,16,59%
P108T,effect,17,59%
P108W,effect,48,71%
P108Y,effect,44,71%
P108V,effect,28,63%
Q109A,effect,16,59%
Q109R,effect,39,66%
Q109N,effect,18,59%
Q109D,effect,41,71%
Q109C,effect,34,66%
Q109Q,neutral,-43,72%
Q109E,effect,13,59%
Q109G,effect,43,71%
Q109H,effect,36,66%
Q109I,effect,31,66%
Q109L,effect,32,66%
Q109K,effect,5,53%
Q109M,effect,21,63%
Q109F,effect,50,75%
Q109P,effect,51,75%
Q109S,effect,18,59%
Q109T,effect,22,63%
Q109W,effect,49,71%
Q109Y,effect,39,66%
Q109V,effect,25,63%
E110A,neutral,-2,53%
E110R,effect,32,66%
E110N,effect,34,66%
E110D,effect,27,63%
E110C,effect,18,59%
E110Q,effect,10,59%
E110E,neutral,-39,66%
E110G,effect,32,66%
E110H,effect,18,59%
E110I,effect,8,53%
E110L,effect,17,59%
E110K,effect,34,66%
E110M,effect,9,53%
E110F,effect,28,63%
E110P,effect,32,66%
E110S,effect,26,63%
E110T,effect,14,59%
E110W,effect,47,71%
E110Y,effect,24,63%
E110V,neutral,-2,53%
G111A,neutral,0,53%
G111R,effect,36,66%
G111N,effect,29,63%
G111D,effect,53,75%
G111C,effect,38,66%
G111Q,effect,17,59%
G111E,effect,41,71%
G111G,neutral,-3,53%
G111H,effect,30,66%
G111I,effect,32,66%
G111L,effect,31,66%
G111K,effect,13,59%
G111M,effect,13,59%
G111F,effect,36,66%
G111P,effect,40,71%
G111S,effect,12,59%
G111T,effect,23,63%
G111W,effect,59,75%
G111Y,effect,43,71%
G111V,effect,20,63%
I112A,effect,22,63%
I112R,effect,35,66%
I112N,effect,40,71%
I112D,effect,51,75%
I112C,effect,40,71%
I112Q,effect,17,59%
I112E,effect,21,63%
I112G,effect,36,66%
I112H,effect,45,71%
I112I,neutral,-19,57%
I112L,effect,7,53%
I112K,effect,25,63%
I112M,neutral,-27,61%
I112F,effect,35,66%
I112P,effect,42,71%
I112S,effect,6,53%
I112T,effect,16,59%
I112W,effect,50,75%
I112Y,effect,36,66%
I112V,neutral,-9,53%
L113A,effect,20,63%
L113R,effect,28,63%
L113N,effect,16,59%
L113D,effect,40,71%
L113C,effect,39,66%
L113Q,effect,16,59%
L113E,effect,16,59%
L113G,effect,16,59%
L113H,effect,33,66%
L113I,effect,8,53%
L113L,neutral,-20,57%
L113K,effect,6,53%
L113M,neutral,-12,57%
L113F,effect,13,59%
L113P,effect,34,66%
L113S,effect,2,53%
L113T,neutral,-2,53%
L113W,effect,40,71%
L113Y,effect,11,59%
L113V,neutral,-4,53%
E114A,neutral,-13,57%
E114R,effect,36,66%
E114N,neutral,-4,53%
E114D,effect,30,66%
E114C,effect,28,63%
E114Q,neutral,-15,57%
E114E,neutral,-38,66%
E114G,effect,21,63%
E114H,effect,27,63%
E114I,effect,26,63%
E114L,effect,27,63%
E114K,effect,4,53%
E114M,effect,21,63%
E114F,effect,45,71%
E114P,effect,34,66%
E114S,effect,7,53%
E114T,effect,12,59%
E114W,effect,50,75%
E114Y,effect,45,71%
E114V,effect,19,59%
D115A,effect,11,59%
D115R,effect,17,59%
D115N,effect,3,53%
D115D,neutral,-16,57%
D115C,effect,39,66%
D115Q,neutral,-7,53%
D115E,neutral,-3,53%
D115G,neutral,-3,53%
D115H,effect,31,66%
D115I,effect,35,66%
D115L,effect,35,66%
D115K,effect,21,63%
D115M,effect,25,63%
D115F,effect,50,75%
D115P,effect,35,66%
D115S,neutral,0,53%
D115T,effect,10,59%
D115W,effect,55,75%
D115Y,effect,52,75%
D115V,effect,30,66%
M116A,effect,27,63%
M116R,effect,49,71%
M116N,effect,50,75%
M116D,effect,55,75%
M116C,effect,48,71%
M116Q,effect,34,66%
M116E,effect,46,71%
M116G,effect,52,75%
M116H,effect,60,80%
M116I,effect,28,63%
M116L,effect,25,63%
M116K,effect,54,75%
M116M,neutral,-3,53%
M116F,effect,39,66%
M116P,effect,55,75%
M116S,effect,36,66%
M116T,effect,30,66%
M116W,effect,53,75%
M116Y,effect,48,71%
M116V,effect,29,63%
P117A,effect,26,63%
P117R,effect,49,71%
P117N,effect,40,71%
P117D,effect,54,75%
P117C,effect,42,71%
P117Q,effect,30,66%
P117E,effect,42,71%
P117G,effect,45,71%
P117H,effect,36,66%
P117I,effect,34,66%
P117L,effect,36,66%
P117K,effect,40,71%
P117M,effect,29,63%
P117F,effect,49,71%
P117P,neutral,-15,57%
P117S,effect,33,66%
P117T,effect,27,63%
P117W,effect,59,75%
P117Y,effect,50,75%
P117V,effect,25,63%
V118A,effect,10,59%
V118R,effect,8,53%
V118N,effect,22,63%
V118D,effect,45,71%
V118C,effect,27,63%
V118Q,neutral,-17,57%
V118E,effect,25,63%
V118G,effect,23,63%
V118H,effect,39,66%
V118I,neutral,-3,53%
V118L,neutral,-14,57%
V118K,effect,12,59%
V118M,neutral,-15,57%
V118F,effect,26,63%
V118P,effect,39,66%
V118S,neutral,-4,53%
V118T,effect,19,59%
V118W,effect,30,66%
V118Y,effect,26,63%
V118V,neutral,-26,61%
D119A,effect,31,66%
D119R,effect,37,66%
D119N,effect,40,71%
D119D,neutral,-55,78%
D119C,effect,32,66%
D119Q,effect,23,63%
D119E,neutral,-21,61%
D119G,effect,36,66%
D119H,effect,29,63%
D119I,effect,42,71%
D119L,effect,44,71%
D119K,effect,49,71%
D119M,effect,38,66%
D119F,effect,43,71%
D119P,effect,58,75%
D119S,effect,4,53%
D119T,effect,25,63%
D119W,effect,47,71%
D119Y,effect,43,71%
D119V,effect,39,66%
P120A,effect,22,63%
P120R,effect,40,71%
P120N,effect,36,66%
P120D,effect,55,75%
P120C,effect,25,63%
P120Q,effect,26,63%
P120E,effect,39,66%
P120G,effect,42,71%
P120H,neutral,-1,53%
P120I,effect,39,66%
P120L,effect,19,59%
P120K,effect,29,63%
P120M,effect,33,66%
P120F,effect,38,66%
P120P,neutral,-56,78%
P120S,effect,27,63%
P120T,effect,22,63%
P120W,effect,48,71%
P120Y,effect,46,71%
P120V,effect,28,63%
D121A,effect,7,53%
D121R,effect,19,59%
D121N,effect,18,59%
D121D,neutral,-31,66%
D121C,effect,29,63%
D121Q,neutral,-14,57%
D121E,neutral,-53,78%
D121G,effect,8,53%
D121H,effect,15,59%
D121I,effect,37,66%
D121L,effect,21,63%
D121K,effect,16,59%
D121M,effect,32,66%
D121F,effect,40,71%
D121P,effect,23,63%
D121S,neutral,-3,53%
D121T,neutral,-5,53%
D121W,effect,43,71%
D121Y,effect,39,66%
D121V,effect,26,63%
N122A,neutral,-2,53%
N122R,effect,3,53%
N122N,neutral,-57,78%
N122D,effect,13,59%
N122C,effect,13,59%
N122Q,neutral,-22,61%
N122E,neutral,-4,53%
N122G,neutral,-26,61%
N122H,neutral,-21,61%
N122I,effect,8,53%
N122L,effect,19,59%
N122K,neutral,-3,53%
N122M,effect,11,59%
N122F,effect,23,63%
N122P,effect,2,53%
N122S,neutral,-21,61%
N122T,neutral,-4,53%
N122W,effect,40,71%
N122Y,effect,17,59%
N122V,effect,5,53%
E123A,effect,22,63%
E123R,effect,58,75%
E123N,effect,57,75%
E123D,effect,33,66%
E123C,effect,38,66%
E123Q,effect,13,59%
E123E,neutral,-47,72%
E123G,effect,55,75%
E123H,effect,45,71%
E123I,effect,49,71%
E123L,effect,46,71%
E123K,effect,6,53%
E123M,effect,42,71%
E123F,effect,50,75%
E123P,effect,14,59%
E123S,effect,8,53%
E123T,effect,47,71%
E123W,effect,61,80%
E123Y,effect,48,71%
E123V,effect,40,71%
A124A,neutral,-33,66%
A124R,effect,51,75%
A124N,effect,44,71%
A124D,effect,57,75%
A124C,effect,10,59%
A124Q,effect,29,63%
A124E,effect,50,75%
A124G,effect,32,66%
A124H,effect,55,75%
A124I,effect,38,66%
A124L,effect,32,66%
A124K,effect,43,71%
A124M,effect,44,71%
A124F,effect,52,75%
A124P,effect,43,71%
A124S,effect,9,53%
A124T,neutral,-9,53%
A124W,effect,55,75%
A124Y,effect,51,75%
A124V,effect,17,59%
Y125A,effect,58,75%
Y125R,effect,78,85%
Y125N,effect,75,85%
Y125D,effect,79,85%
Y125C,effect,68,80%
Y125Q,effect,73,85%
Y125E,effect,74,85%
Y125G,effect,72,85%
Y125H,effect,66,80%
Y125I,effect,69,80%
Y125L,effect,67,80%
Y125K,effect,79,85%
Y125M,effect,71,85%
Y125F,effect,55,75%
Y125P,effect,73,85%
Y125S,effect,66,80%
Y125T,effect,66,80%
Y125W,effect,65,80%
Y125Y,effect,12,59%
Y125V,effect,66,80%
E126A,effect,26,63%
E126R,effect,66,80%
E126N,effect,51,75%
E126D,effect,6,53%
E126C,effect,43,71%
E126Q,effect,29,63%
E126E,neutral,-34,66%
E126G,effect,61,80%
E126H,neutral,-3,53%
E126I,effect,51,75%
E126L,effect,50,75%
E126K,effect,54,75%
E126M,effect,47,71%
E126F,effect,53,75%
E126P,effect,68,80%
E126S,effect,50,75%
E126T,effect,58,75%
E126W,effect,57,75%
E126Y,effect,51,75%
E126V,effect,44,71%
M127A,effect,17,59%
M127R,effect,33,66%
M127N,effect,33,66%
M127D,effect,26,63%
M127C,effect,41,71%
M127Q,effect,11,59%
M127E,neutral,-2,53%
M127G,effect,46,71%
M127H,effect,40,71%
M127I,effect,28,63%
M127L,effect,22,63%
M127K,effect,37,66%
M127M,neutral,-38,66%
M127F,effect,23,63%
M127P,effect,29,63%
M127S,effect,28,63%
M127T,effect,19,59%
M127W,effect,45,71%
M127Y,effect,40,71%
M127V,effect,18,59%
P128A,effect,20,63%
P128R,effect,25,63%
P128N,neutral,-30,61%
P128D,effect,20,63%
P128C,effect,27,63%
P128Q,effect,7,53%
P128E,effect,27,63%
P128G,effect,16,59%
P128H,effect,4,53%
P128I,effect,24,63%
P128L,effect,27,63%
P128K,effect,7,53%
P128M,effect,20,63%
P128F,effect,28,63%
P128P,neutral,-20,57%
P128S,neutral,-12,57%
P128T,neutral,-16,57%
P128W,effect,36,66%
P128Y,effect,16,59%
P128V,effect,15,59%
S129A,neutral,-13,57%
S129R,neutral,-14,57%
S129N,effect,5,53%
S129D,effect,34,66%
S129C,effect,8,53%
S129Q,neutral,-38,66%
S129E,neutral,-17,57%
S129G,effect,18,59%
S129H,neutral,-18,57%
S129I,effect,19,59%
S129L,effect,11,59%
S129K,neutral,-11,57%
S129M,effect,7,53%
S129F,effect,21,63%
S129P,neutral,-13,57%
S129S,neutral,-45,72%
S129T,neutral,-13,57%
S129W,effect,37,66%
S129Y,effect,34,66%
S129V,neutral,-1,53%
E130A,effect,29,63%
E130R,effect,43,71%
E130N,effect,52,75%
E130D,effect,44,71%
E130C,effect,34,66%
E130Q,neutral,-17,57%
E130E,neutral,-32,66%
E130G,effect,48,71%
E130H,effect,41,71%
E130I,effect,45,71%
E130L,effect,47,71%
E130K,effect,53,75%
E130M,effect,38,66%
E130F,effect,46,71%
E130P,effect,54,75%
E130S,effect,48,71%
E130T,effect,48,71%
E130W,effect,47,71%
E130Y,effect,44,71%
E130V,effect,42,71%
E131A,effect,39,66%
E131R,effect,67,80%
E131N,effect,53,75%
E131D,effect,51,75%
E131C,effect,48,71%
E131Q,effect,32,66%
E131E,neutral,-13,57%
E131G,effect,56,75%
E131H,effect,50,75%
E131I,effect,57,75%
E131L,effect,59,75%
E131K,effect,56,75%
E131M,effect,53,75%
E131F,effect,58,75%
E131P,effect,55,75%
E131S,effect,49,71%
E131T,effect,48,71%
E131W,effect,62,80%
E131Y,effect,58,75%
E131V,effect,50,75%
G132A,effect,11,59%
G132R,effect,3,53%
G132N,effect,6,53%
G132D,effect,38,66%
G132C,effect,36,66%
G132Q,neutral,-14,57%
G132E,effect,11,59%
G132G,neutral,-25,61%
G132H,effect,22,63%
G132I,effect,33,66%
G132L,effect,33,66%
G132K,effect,21,63%
G132M,effect,15,59%
G132F,effect,44,71%
G132P,effect,33,66%
G132S,neutral,-19,57%
G132T,effect,5,53%
G132W,effect,49,71%
G132Y,effect,34,66%
G132V,effect,28,63%
Y133A,effect,43,71%
Y133R,effect,62,80%
Y133N,effect,57,75%
Y133D,effect,56,75%
Y133C,effect,50,75%
Y133Q,effect,47,71%
Y133E,effect,43,71%
Y133G,effect,57,75%
Y133H,effect,56,75%
Y133I,effect,49,71%
Y133L,effect,49,71%
Y133K,effect,56,75%
Y133M,effect,50,75%
Y133F,effect,38,66%
Y133P,effect,56,75%
Y133S,effect,47,71%
Y133T,effect,50,75%
Y133W,effect,47,71%
Y133Y,effect,16,59%
Y133V,effect,46,71%
Q134A,effect,41,71%
Q134R,effect,60,80%
Q134N,effect,63,80%
Q134D,effect,67,80%
Q134C,effect,55,75%
Q134Q,neutral,-22,61%
Q134E,effect,59,75%
Q134G,effect,64,80%
Q134H,effect,56,75%
Q134I,effect,58,75%
Q134L,effect,53,75%
Q134K,effect,62,80%
Q134M,effect,52,75%
Q134F,effect,60,80%
Q134P,effect,68,80%
Q134S,effect,53,75%
Q134T,effect,61,80%
Q134W,effect,61,80%
Q134Y,effect,44,71%
Q134V,effect,54,75%
D135A,effect,49,71%
D135R,effect,65,80%
D135N,effect,59,75%
D135D,neutral,-11,57%
D135C,effect,55,75%
D135Q,effect,55,75%
D135E,effect,31,66%
D135G,effect,58,75%
D135H,effect,62,80%
D135I,effect,63,80%
D135L,effect,65,80%
D135K,effect,64,80%
D135M,effect,51,75%
D135F,effect,63,80%
D135P,effect,65,80%
D135S,effect,54,75%
D135T,effect,51,75%
D135W,effect,67,80%
D135Y,effect,66,80%
D135V,effect,61,80%
Y136A,effect,68,80%
Y136R,effect,79,85%
Y136N,effect,75,85%
Y136D,effect,76,85%
Y136C,effect,66,80%
Y136Q,effect,75,85%
Y136E,effect,76,85%
Y136G,effect,75,85%
Y136H,effect,71,85%
Y136I,effect,66,80%
Y136L,effect,68,80%
Y136K,effect,80,91%
Y136M,effect,71,85%
Y136F,effect,52,75%
Y136P,effect,75,85%
Y136S,effect,70,85%
Y136T,effect,72,85%
Y136W,effect,66,80%
Y136Y,effect,6,53%
Y136V,effect,53,75%
E137A,effect,55,75%
E137R,effect,73,85%
E137N,effect,70,85%
E137D,effect,72,85%
E137C,effect,55,75%
E137Q,effect,52,75%
E137E,neutral,-41,72%
E137G,effect,68,80%
E137H,effect,65,80%
E137I,effect,63,80%
E137L,effect,66,80%
E137K,effect,73,85%
E137M,effect,61,80%
E137F,effect,64,80%
E137P,effect,75,85%
E137S,effect,62,80%
E137T,effect,63,80%
E137W,effect,68,80%
E137Y,effect,64,80%
E137V,effect,61,80%
P138A,effect,28,63%
P138R,effect,44,71%
P138N,effect,41,71%
P138D,effect,46,71%
P138C,effect,47,71%
P138Q,neutral,-12,57%
P138E,effect,38,66%
P138G,effect,42,71%
P138H,effect,50,75%
P138I,effect,50,75%
P138L,effect,51,75%
P138K,effect,40,71%
P138M,effect,43,71%
P138F,effect,55,75%
P138P,neutral,-65,82%
P138S,effect,39,66%
P138T,effect,36,66%
P138W,effect,55,75%
P138Y,effect,55,75%
P138V,effect,50,75%
E139A,effect,14,59%
E139R,effect,63,80%
E139N,effect,47,71%
E139D,effect,33,66%
E139C,effect,37,66%
E139Q,effect,18,59%
E139E,neutral,-62,82%
E139G,effect,59,75%
E139H,effect,48,71%
E139I,effect,45,71%
E139L,effect,49,71%
E139K,effect,45,71%
E139M,effect,24,63%
E139F,effect,48,71%
E139P,effect,25,63%
E139S,effect,25,63%
E139T,effect,45,71%
E139W,effect,53,75%
E139Y,effect,47,71%
E139V,effect,35,66%
A140A,neutral,-65,82%
A140R,effect,57,75%
A140N,effect,52,75%
A140D,effect,56,75%
A140C,effect,36,66%
A140Q,effect,51,75%
A140E,effect,59,75%
A140G,effect,52,75%
A140H,effect,54,75%
A140I,effect,34,66%
A140L,effect,37,66%
A140K,effect,52,75%
A140M,effect,40,71%
A140F,effect,49,71%
A140P,effect,50,75%
A140S,effect,44,71%
A140T,effect,48,71%
A140W,effect,52,75%
A140Y,effect,49,71%
A140V,effect,26,63%
